{
  "Total" : {
    "transaction" : "Total",
    "sampleCount" : 10000,
    "errorCount" : 0,
    "errorPct" : 0.0,
    "meanResTime" : 1.8294000000000057,
    "medianResTime" : 1.0,
    "minResTime" : 0.0,
    "maxResTime" : 263.0,
    "pct1ResTime" : 2.0,
    "pct2ResTime" : 4.0,
    "pct3ResTime" : 15.0,
    "throughput" : 1005.7326762546514,
    "receivedKBytesPerSec" : 1647.083689530323,
    "sentKBytesPerSec" : 298.5768882630997
  },
  "AutoComplete POST Request" : {
    "transaction" : "AutoComplete POST Request",
    "sampleCount" : 10000,
    "errorCount" : 0,
    "errorPct" : 0.0,
    "meanResTime" : 1.8294000000000057,
    "medianResTime" : 1.0,
    "minResTime" : 0.0,
    "maxResTime" : 263.0,
    "pct1ResTime" : 2.0,
    "pct2ResTime" : 4.0,
    "pct3ResTime" : 15.0,
    "throughput" : 1005.7326762546514,
    "receivedKBytesPerSec" : 1647.083689530323,
    "sentKBytesPerSec" : 298.5768882630997
  }
}